,title,id,url
0,我的奇怪朋友,27591191,https://movie.douban.com/subject/27591191/
1,超星星学园,26765418,https://movie.douban.com/subject/26765418/
2,相爱穿梭千年2：月光下的交换,26615597,https://movie.douban.com/subject/26615597/
3,女心理师,30313647,https://movie.douban.com/subject/30313647/
4,沉香如屑·沉香重华,35029547,https://movie.douban.com/subject/35029547/
5,招摇,27075195,https://movie.douban.com/subject/27075195/
6,蓝色生死恋,26971645,https://movie.douban.com/subject/26971645/
7,烈火军校,30157168,https://movie.douban.com/subject/30157168/
8,从前有座灵剑山,26877434,https://movie.douban.com/subject/26877434/
9,天舞纪,26926450,https://movie.douban.com/subject/26926450/
10,骊歌行,30400625,https://movie.douban.com/subject/30400625/
11,1921,35125443,https://movie.douban.com/subject/35125443/
12,千古玦尘,26811532,https://movie.douban.com/subject/26811532/
13,你微笑时很美,30148173,https://movie.douban.com/subject/30148173/
14,尚食,30463682,https://movie.douban.com/subject/30463682/
15,爱的二八定律,35152536,https://movie.douban.com/subject/35152536/
16,下一站是幸福,30176770,https://movie.douban.com/subject/30176770/
17,少主且慢行 第一季,34463312,https://movie.douban.com/subject/34463312/
18,少主且慢行 第二季,34972208,https://movie.douban.com/subject/34972208/
19,刺杀小说家,26826330,https://movie.douban.com/subject/26826330/
20,月光变奏曲,35058573,https://movie.douban.com/subject/35058573/
21,苍兰诀,34779776,https://movie.douban.com/subject/34779776/
22,两个人的小森林,35431984,https://movie.douban.com/subject/35431984/
23,捉妖记2,26575103,https://movie.douban.com/subject/26575103/
24,哦！我的皇帝陛下 第一季,27135558,https://movie.douban.com/subject/27135558/
25,哦！我的皇帝陛下 第二季,34807445,https://movie.douban.com/subject/34807445/
26,斗破苍穹,26882446,https://movie.douban.com/subject/26882446/
27,陈情令,27195020,https://movie.douban.com/subject/27195020/
28,素人特工,27155276,https://movie.douban.com/subject/27155276/
29,诛仙1,25779217,https://movie.douban.com/subject/25779217/
30,庆余年 第一季,25853071,https://movie.douban.com/subject/25853071/
31,满江红,35766491,https://movie.douban.com/subject/35766491/
32,狼殿下,26743567,https://movie.douban.com/subject/26743567/
33,斗罗大陆,30313969,https://movie.douban.com/subject/30313969/
34,余生，请多指教,30403219,https://movie.douban.com/subject/30403219/
35,有翡,27069428,https://movie.douban.com/subject/27069428/
36,理想照耀中国,35209733,https://movie.douban.com/subject/35209733/
37,风起洛阳,33442334,https://movie.douban.com/subject/33442334/
38,冰雨火,34908108,https://movie.douban.com/subject/34908108/
39,无名,35372742,https://movie.douban.com/subject/35372742/
40,西游记女儿国,25829175,https://movie.douban.com/subject/25829175/
41,延禧攻略,26999852,https://movie.douban.com/subject/26999852/
42,解放·终局营救,30454698,https://movie.douban.com/subject/30454698/
43,三生三世枕上书,26915522,https://movie.douban.com/subject/26915522/
44,最动听的事,27663766,https://movie.douban.com/subject/27663766/
45,烈火如歌,26703476,https://movie.douban.com/subject/26703476/
46,解忧杂货店,26654146,https://movie.douban.com/subject/26654146/
47,21克拉,26691361,https://movie.douban.com/subject/26691361/
48,一千零一夜,27088995,https://movie.douban.com/subject/27088995/
49,幸福，触手可及！,27073044,https://movie.douban.com/subject/27073044/
50,你是我的荣耀,33454980,https://movie.douban.com/subject/33454980/
51,与君初相识·恰似故人归,35235410,https://movie.douban.com/subject/35235410/
52,天雷一部之春花秋月,30258233,https://movie.douban.com/subject/30258233/
53,三千鸦杀,27611494,https://movie.douban.com/subject/27611494/
54,传闻中的陈芊芊,34463197,https://movie.douban.com/subject/34463197/
55,我，喜欢你,34908020,https://movie.douban.com/subject/34908020/
56,长歌行,26926445,https://movie.douban.com/subject/26926445/
57,一不小心捡到爱,35082299,https://movie.douban.com/subject/35082299/
58,国子监来了个女弟子,35131244,https://movie.douban.com/subject/35131244/
59,且试天下,26339609,https://movie.douban.com/subject/26339609/
60,星汉灿烂·月升沧海,35452438,https://movie.douban.com/subject/35452438/
61,胡同,35274947,https://movie.douban.com/subject/35274947/
62,听见她说,35164015,https://movie.douban.com/subject/35164015/
63,暴风眼,30476726,https://movie.douban.com/subject/30476726/
64,斛珠夫人,26798457,https://movie.douban.com/subject/26798457/
65,谢谢你医生,34454212,https://movie.douban.com/subject/34454212/
66,你和我的倾城时光,26386688,https://movie.douban.com/subject/26386688/
67,知否知否应是绿肥红瘦,26928226,https://movie.douban.com/subject/26928226/
68,谁是凶手,35180907,https://movie.douban.com/subject/35180907/
69,幸福到万家,34951002,https://movie.douban.com/subject/34951002/
70,风吹半夏,35161592,https://movie.douban.com/subject/35161592/
71,热血同行,27145093,https://movie.douban.com/subject/27145093/
72,冷血狂宴,26673282,https://movie.douban.com/subject/26673282/
73,送你一朵小红花,35096844,https://movie.douban.com/subject/35096844/
74,中国医生,35087699,https://movie.douban.com/subject/35087699/
75,长津湖,25845392,https://movie.douban.com/subject/25845392/
76,奇迹·笨小孩,35312437,https://movie.douban.com/subject/35312437/
77,长津湖之水门桥,35613853,https://movie.douban.com/subject/35613853/
78,少年的你,30166972,https://movie.douban.com/subject/30166972/
79,世间有她,35187381,https://movie.douban.com/subject/35187381/
